[
  {
    "flag": "https://restcountries.eu/data/afg.svg",
    "name": "Afghanistan",
    "alpha2Code": "AF",
    "region": "Asia",
    "subregion": "Southern Asia",
    "timezones": ["UTC+04:30"]
  },
  {
    "flag": "https://restcountries.eu/data/ala.svg",
    "name": "Åland Islands",
    "alpha2Code": "AX",
    "region": "Europe",
    "subregion": "Northern Europe",
    "timezones": ["UTC+02:00"]
  },
  {
    "flag": "https://restcountries.eu/data/alb.svg",
    "name": "Albania",
    "alpha2Code": "AL",
    "region": "Europe",
    "subregion": "Southern Europe",
    "timezones": ["UTC+01:00"]
  },
  {
    "flag": "https://restcountries.eu/data/dza.svg",
    "name": "Algeria",
    "alpha2Code": "DZ",
    "region": "Africa",
    "subregion": "Northern Africa",
    "timezones": ["UTC+01:00"]
  },
  {
    "flag": "https://restcountries.eu/data/asm.svg",
    "name": "American Samoa",
    "alpha2Code": "AS",
    "region": "Oceania",
    "subregion": "Polynesia",
    "timezones": ["UTC-11:00"]
  },
  {
    "flag": "https://restcountries.eu/data/and.svg",
    "name": "Andorra",
    "alpha2Code": "AD",
    "region": "Europe",
    "subregion": "Southern Europe",
    "timezones": ["UTC+01:00"]
  },
  {
    "flag": "https://restcountries.eu/data/ago.svg",
    "name": "Angola",
    "alpha2Code": "AO",
    "region": "Africa",
    "subregion": "Middle Africa",
    "timezones": ["UTC+01:00"]
  },
  {
    "flag": "https://restcountries.eu/data/aia.svg",
    "name": "Anguilla",
    "alpha2Code": "AI",
    "region": "Americas",
    "subregion": "Caribbean",
    "timezones": ["UTC-04:00"]
  },
  {
    "flag": "https://restcountries.eu/data/ata.svg",
    "name": "Antarctica",
    "alpha2Code": "AQ",
    "region": "Polar",
    "subregion": "",
    "timezones": [
      "UTC-03:00",
      "UTC+03:00",
      "UTC+05:00",
      "UTC+06:00",
      "UTC+07:00",
      "UTC+08:00",
      "UTC+10:00",
      "UTC+12:00"
    ]
  },
  {
    "flag": "https://restcountries.eu/data/atg.svg",
    "name": "Antigua and Barbuda",
    "alpha2Code": "AG",
    "region": "Americas",
    "subregion": "Caribbean",
    "timezones": ["UTC-04:00"]
  },
  {
    "flag": "https://restcountries.eu/data/arg.svg",
    "name": "Argentina",
    "alpha2Code": "AR",
    "region": "Americas",
    "subregion": "South America",
    "timezones": ["UTC-03:00"]
  },
  {
    "flag": "https://restcountries.eu/data/arm.svg",
    "name": "Armenia",
    "alpha2Code": "AM",
    "region": "Asia",
    "subregion": "Western Asia",
    "timezones": ["UTC+04:00"]
  },
  {
    "flag": "https://restcountries.eu/data/abw.svg",
    "name": "Aruba",
    "alpha2Code": "AW",
    "region": "Americas",
    "subregion": "Caribbean",
    "timezones": ["UTC-04:00"]
  },
  {
    "flag": "https://restcountries.eu/data/aus.svg",
    "name": "Australia",
    "alpha2Code": "AU",
    "region": "Oceania",
    "subregion": "Australia and New Zealand",
    "timezones": [
      "UTC+05:00",
      "UTC+06:30",
      "UTC+07:00",
      "UTC+08:00",
      "UTC+09:30",
      "UTC+10:00",
      "UTC+10:30",
      "UTC+11:30"
    ]
  },
  {
    "flag": "https://restcountries.eu/data/aut.svg",
    "name": "Austria",
    "alpha2Code": "AT",
    "region": "Europe",
    "subregion": "Western Europe",
    "timezones": ["UTC+01:00"]
  },
  {
    "flag": "https://restcountries.eu/data/aze.svg",
    "name": "Azerbaijan",
    "alpha2Code": "AZ",
    "region": "Asia",
    "subregion": "Western Asia",
    "timezones": ["UTC+04:00"]
  },
  {
    "flag": "https://restcountries.eu/data/bhs.svg",
    "name": "Bahamas",
    "alpha2Code": "BS",
    "region": "Americas",
    "subregion": "Caribbean",
    "timezones": ["UTC-05:00"]
  },
  {
    "flag": "https://restcountries.eu/data/bhr.svg",
    "name": "Bahrain",
    "alpha2Code": "BH",
    "region": "Asia",
    "subregion": "Western Asia",
    "timezones": ["UTC+03:00"]
  },
  {
    "flag": "https://restcountries.eu/data/bgd.svg",
    "name": "Bangladesh",
    "alpha2Code": "BD",
    "region": "Asia",
    "subregion": "Southern Asia",
    "timezones": ["UTC+06:00"]
  },
  {
    "flag": "https://restcountries.eu/data/brb.svg",
    "name": "Barbados",
    "alpha2Code": "BB",
    "region": "Americas",
    "subregion": "Caribbean",
    "timezones": ["UTC-04:00"]
  },
  {
    "flag": "https://restcountries.eu/data/blr.svg",
    "name": "Belarus",
    "alpha2Code": "BY",
    "region": "Europe",
    "subregion": "Eastern Europe",
    "timezones": ["UTC+03:00"]
  },
  {
    "flag": "https://restcountries.eu/data/bel.svg",
    "name": "Belgium",
    "alpha2Code": "BE",
    "region": "Europe",
    "subregion": "Western Europe",
    "timezones": ["UTC+01:00"]
  },
  {
    "flag": "https://restcountries.eu/data/blz.svg",
    "name": "Belize",
    "alpha2Code": "BZ",
    "region": "Americas",
    "subregion": "Central America",
    "timezones": ["UTC-06:00"]
  },
  {
    "flag": "https://restcountries.eu/data/ben.svg",
    "name": "Benin",
    "alpha2Code": "BJ",
    "region": "Africa",
    "subregion": "Western Africa",
    "timezones": ["UTC+01:00"]
  },
  {
    "flag": "https://restcountries.eu/data/bmu.svg",
    "name": "Bermuda",
    "alpha2Code": "BM",
    "region": "Americas",
    "subregion": "Northern America",
    "timezones": ["UTC-04:00"]
  },
  {
    "flag": "https://restcountries.eu/data/btn.svg",
    "name": "Bhutan",
    "alpha2Code": "BT",
    "region": "Asia",
    "subregion": "Southern Asia",
    "timezones": ["UTC+06:00"]
  },
  {
    "flag": "https://restcountries.eu/data/bol.svg",
    "name": "Bolivia (Plurinational State of)",
    "alpha2Code": "BO",
    "region": "Americas",
    "subregion": "South America",
    "timezones": ["UTC-04:00"]
  },
  {
    "flag": "https://restcountries.eu/data/bes.svg",
    "name": "Bonaire, Sint Eustatius and Saba",
    "alpha2Code": "BQ",
    "region": "Americas",
    "subregion": "Caribbean",
    "timezones": ["UTC-04:00"]
  },
  {
    "flag": "https://restcountries.eu/data/bih.svg",
    "name": "Bosnia and Herzegovina",
    "alpha2Code": "BA",
    "region": "Europe",
    "subregion": "Southern Europe",
    "timezones": ["UTC+01:00"]
  },
  {
    "flag": "https://restcountries.eu/data/bwa.svg",
    "name": "Botswana",
    "alpha2Code": "BW",
    "region": "Africa",
    "subregion": "Southern Africa",
    "timezones": ["UTC+02:00"]
  },
  {
    "flag": "https://restcountries.eu/data/bvt.svg",
    "name": "Bouvet Island",
    "alpha2Code": "BV",
    "region": "",
    "subregion": "",
    "timezones": ["UTC+01:00"]
  },
  {
    "flag": "https://restcountries.eu/data/bra.svg",
    "name": "Brazil",
    "alpha2Code": "BR",
    "region": "Americas",
    "subregion": "South America",
    "timezones": ["UTC-05:00", "UTC-04:00", "UTC-03:00", "UTC-02:00"]
  },
  {
    "flag": "https://restcountries.eu/data/iot.svg",
    "name": "British Indian Ocean Territory",
    "alpha2Code": "IO",
    "region": "Africa",
    "subregion": "Eastern Africa",
    "timezones": ["UTC+06:00"]
  },
  {
    "flag": "https://restcountries.eu/data/umi.svg",
    "name": "United States Minor Outlying Islands",
    "alpha2Code": "UM",
    "region": "Americas",
    "subregion": "Northern America",
    "timezones": ["UTC-11:00", "UTC-10:00", "UTC+12:00"]
  },
  {
    "flag": "https://restcountries.eu/data/vgb.svg",
    "name": "Virgin Islands (British)",
    "alpha2Code": "VG",
    "region": "Americas",
    "subregion": "Caribbean",
    "timezones": ["UTC-04:00"]
  },
  {
    "flag": "https://restcountries.eu/data/vir.svg",
    "name": "Virgin Islands (U.S.)",
    "alpha2Code": "VI",
    "region": "Americas",
    "subregion": "Caribbean",
    "timezones": ["UTC-04:00"]
  },
  {
    "flag": "https://restcountries.eu/data/brn.svg",
    "name": "Brunei Darussalam",
    "alpha2Code": "BN",
    "region": "Asia",
    "subregion": "South-Eastern Asia",
    "timezones": ["UTC+08:00"]
  },
  {
    "flag": "https://restcountries.eu/data/bgr.svg",
    "name": "Bulgaria",
    "alpha2Code": "BG",
    "region": "Europe",
    "subregion": "Eastern Europe",
    "timezones": ["UTC+02:00"]
  },
  {
    "flag": "https://restcountries.eu/data/bfa.svg",
    "name": "Burkina Faso",
    "alpha2Code": "BF",
    "region": "Africa",
    "subregion": "Western Africa",
    "timezones": ["UTC"]
  },
  {
    "flag": "https://restcountries.eu/data/bdi.svg",
    "name": "Burundi",
    "alpha2Code": "BI",
    "region": "Africa",
    "subregion": "Eastern Africa",
    "timezones": ["UTC+02:00"]
  },
  {
    "flag": "https://restcountries.eu/data/khm.svg",
    "name": "Cambodia",
    "alpha2Code": "KH",
    "region": "Asia",
    "subregion": "South-Eastern Asia",
    "timezones": ["UTC+07:00"]
  },
  {
    "flag": "https://restcountries.eu/data/cmr.svg",
    "name": "Cameroon",
    "alpha2Code": "CM",
    "region": "Africa",
    "subregion": "Middle Africa",
    "timezones": ["UTC+01:00"]
  },
  {
    "flag": "https://restcountries.eu/data/can.svg",
    "name": "Canada",
    "alpha2Code": "CA",
    "region": "Americas",
    "subregion": "Northern America",
    "timezones": ["UTC-08:00", "UTC-07:00", "UTC-06:00", "UTC-05:00", "UTC-04:00", "UTC-03:30"]
  },
  {
    "flag": "https://restcountries.eu/data/cpv.svg",
    "name": "Cabo Verde",
    "alpha2Code": "CV",
    "region": "Africa",
    "subregion": "Western Africa",
    "timezones": ["UTC-01:00"]
  },
  {
    "flag": "https://restcountries.eu/data/cym.svg",
    "name": "Cayman Islands",
    "alpha2Code": "KY",
    "region": "Americas",
    "subregion": "Caribbean",
    "timezones": ["UTC-05:00"]
  },
  {
    "flag": "https://restcountries.eu/data/caf.svg",
    "name": "Central African Republic",
    "alpha2Code": "CF",
    "region": "Africa",
    "subregion": "Middle Africa",
    "timezones": ["UTC+01:00"]
  },
  {
    "flag": "https://restcountries.eu/data/tcd.svg",
    "name": "Chad",
    "alpha2Code": "TD",
    "region": "Africa",
    "subregion": "Middle Africa",
    "timezones": ["UTC+01:00"]
  },
  {
    "flag": "https://restcountries.eu/data/chl.svg",
    "name": "Chile",
    "alpha2Code": "CL",
    "region": "Americas",
    "subregion": "South America",
    "timezones": ["UTC-06:00", "UTC-04:00"]
  },
  {
    "flag": "https://restcountries.eu/data/chn.svg",
    "name": "China",
    "alpha2Code": "CN",
    "region": "Asia",
    "subregion": "Eastern Asia",
    "timezones": ["UTC+08:00"]
  },
  {
    "flag": "https://restcountries.eu/data/cxr.svg",
    "name": "Christmas Island",
    "alpha2Code": "CX",
    "region": "Oceania",
    "subregion": "Australia and New Zealand",
    "timezones": ["UTC+07:00"]
  },
  {
    "flag": "https://restcountries.eu/data/cck.svg",
    "name": "Cocos (Keeling) Islands",
    "alpha2Code": "CC",
    "region": "Oceania",
    "subregion": "Australia and New Zealand",
    "timezones": ["UTC+06:30"]
  },
  {
    "flag": "https://restcountries.eu/data/col.svg",
    "name": "Colombia",
    "alpha2Code": "CO",
    "region": "Americas",
    "subregion": "South America",
    "timezones": ["UTC-05:00"]
  },
  {
    "flag": "https://restcountries.eu/data/com.svg",
    "name": "Comoros",
    "alpha2Code": "KM",
    "region": "Africa",
    "subregion": "Eastern Africa",
    "timezones": ["UTC+03:00"]
  },
  {
    "flag": "https://restcountries.eu/data/cog.svg",
    "name": "Congo",
    "alpha2Code": "CG",
    "region": "Africa",
    "subregion": "Middle Africa",
    "timezones": ["UTC+01:00"]
  },
  {
    "flag": "https://restcountries.eu/data/cod.svg",
    "name": "Congo (Democratic Republic of the)",
    "alpha2Code": "CD",
    "region": "Africa",
    "subregion": "Middle Africa",
    "timezones": ["UTC+01:00", "UTC+02:00"]
  },
  {
    "flag": "https://restcountries.eu/data/cok.svg",
    "name": "Cook Islands",
    "alpha2Code": "CK",
    "region": "Oceania",
    "subregion": "Polynesia",
    "timezones": ["UTC-10:00"]
  },
  {
    "flag": "https://restcountries.eu/data/cri.svg",
    "name": "Costa Rica",
    "alpha2Code": "CR",
    "region": "Americas",
    "subregion": "Central America",
    "timezones": ["UTC-06:00"]
  },
  {
    "flag": "https://restcountries.eu/data/hrv.svg",
    "name": "Croatia",
    "alpha2Code": "HR",
    "region": "Europe",
    "subregion": "Southern Europe",
    "timezones": ["UTC+01:00"]
  },
  {
    "flag": "https://restcountries.eu/data/cub.svg",
    "name": "Cuba",
    "alpha2Code": "CU",
    "region": "Americas",
    "subregion": "Caribbean",
    "timezones": ["UTC-05:00"]
  },
  {
    "flag": "https://restcountries.eu/data/cuw.svg",
    "name": "Curaçao",
    "alpha2Code": "CW",
    "region": "Americas",
    "subregion": "Caribbean",
    "timezones": ["UTC-04:00"]
  },
  {
    "flag": "https://restcountries.eu/data/cyp.svg",
    "name": "Cyprus",
    "alpha2Code": "CY",
    "region": "Europe",
    "subregion": "Southern Europe",
    "timezones": ["UTC+02:00"]
  },
  {
    "flag": "https://restcountries.eu/data/cze.svg",
    "name": "Czech Republic",
    "alpha2Code": "CZ",
    "region": "Europe",
    "subregion": "Eastern Europe",
    "timezones": ["UTC+01:00"]
  },
  {
    "flag": "https://restcountries.eu/data/dnk.svg",
    "name": "Denmark",
    "alpha2Code": "DK",
    "region": "Europe",
    "subregion": "Northern Europe",
    "timezones": ["UTC-04:00", "UTC-03:00", "UTC-01:00", "UTC", "UTC+01:00"]
  },
  {
    "flag": "https://restcountries.eu/data/dji.svg",
    "name": "Djibouti",
    "alpha2Code": "DJ",
    "region": "Africa",
    "subregion": "Eastern Africa",
    "timezones": ["UTC+03:00"]
  },
  {
    "flag": "https://restcountries.eu/data/dma.svg",
    "name": "Dominica",
    "alpha2Code": "DM",
    "region": "Americas",
    "subregion": "Caribbean",
    "timezones": ["UTC-04:00"]
  },
  {
    "flag": "https://restcountries.eu/data/dom.svg",
    "name": "Dominican Republic",
    "alpha2Code": "DO",
    "region": "Americas",
    "subregion": "Caribbean",
    "timezones": ["UTC-04:00"]
  },
  {
    "flag": "https://restcountries.eu/data/ecu.svg",
    "name": "Ecuador",
    "alpha2Code": "EC",
    "region": "Americas",
    "subregion": "South America",
    "timezones": ["UTC-06:00", "UTC-05:00"]
  },
  {
    "flag": "https://restcountries.eu/data/egy.svg",
    "name": "Egypt",
    "alpha2Code": "EG",
    "region": "Africa",
    "subregion": "Northern Africa",
    "timezones": ["UTC+02:00"]
  },
  {
    "flag": "https://restcountries.eu/data/slv.svg",
    "name": "El Salvador",
    "alpha2Code": "SV",
    "region": "Americas",
    "subregion": "Central America",
    "timezones": ["UTC-06:00"]
  },
  {
    "flag": "https://restcountries.eu/data/gnq.svg",
    "name": "Equatorial Guinea",
    "alpha2Code": "GQ",
    "region": "Africa",
    "subregion": "Middle Africa",
    "timezones": ["UTC+01:00"]
  },
  {
    "flag": "https://restcountries.eu/data/eri.svg",
    "name": "Eritrea",
    "alpha2Code": "ER",
    "region": "Africa",
    "subregion": "Eastern Africa",
    "timezones": ["UTC+03:00"]
  },
  {
    "flag": "https://restcountries.eu/data/est.svg",
    "name": "Estonia",
    "alpha2Code": "EE",
    "region": "Europe",
    "subregion": "Northern Europe",
    "timezones": ["UTC+02:00"]
  },
  {
    "flag": "https://restcountries.eu/data/eth.svg",
    "name": "Ethiopia",
    "alpha2Code": "ET",
    "region": "Africa",
    "subregion": "Eastern Africa",
    "timezones": ["UTC+03:00"]
  },
  {
    "flag": "https://restcountries.eu/data/flk.svg",
    "name": "Falkland Islands (Malvinas)",
    "alpha2Code": "FK",
    "region": "Americas",
    "subregion": "South America",
    "timezones": ["UTC-04:00"]
  },
  {
    "flag": "https://restcountries.eu/data/fro.svg",
    "name": "Faroe Islands",
    "alpha2Code": "FO",
    "region": "Europe",
    "subregion": "Northern Europe",
    "timezones": ["UTC+00:00"]
  },
  {
    "flag": "https://restcountries.eu/data/fji.svg",
    "name": "Fiji",
    "alpha2Code": "FJ",
    "region": "Oceania",
    "subregion": "Melanesia",
    "timezones": ["UTC+12:00"]
  },
  {
    "flag": "https://restcountries.eu/data/fin.svg",
    "name": "Finland",
    "alpha2Code": "FI",
    "region": "Europe",
    "subregion": "Northern Europe",
    "timezones": ["UTC+02:00"]
  },
  {
    "flag": "https://restcountries.eu/data/fra.svg",
    "name": "France",
    "alpha2Code": "FR",
    "region": "Europe",
    "subregion": "Western Europe",
    "timezones": [
      "UTC-10:00",
      "UTC-09:30",
      "UTC-09:00",
      "UTC-08:00",
      "UTC-04:00",
      "UTC-03:00",
      "UTC+01:00",
      "UTC+03:00",
      "UTC+04:00",
      "UTC+05:00",
      "UTC+11:00",
      "UTC+12:00"
    ]
  },
  {
    "flag": "https://restcountries.eu/data/guf.svg",
    "name": "French Guiana",
    "alpha2Code": "GF",
    "region": "Americas",
    "subregion": "South America",
    "timezones": ["UTC-03:00"]
  },
  {
    "flag": "https://restcountries.eu/data/pyf.svg",
    "name": "French Polynesia",
    "alpha2Code": "PF",
    "region": "Oceania",
    "subregion": "Polynesia",
    "timezones": ["UTC-10:00", "UTC-09:30", "UTC-09:00"]
  },
  {
    "flag": "https://restcountries.eu/data/atf.svg",
    "name": "French Southern Territories",
    "alpha2Code": "TF",
    "region": "Africa",
    "subregion": "Southern Africa",
    "timezones": ["UTC+05:00"]
  },
  {
    "flag": "https://restcountries.eu/data/gab.svg",
    "name": "Gabon",
    "alpha2Code": "GA",
    "region": "Africa",
    "subregion": "Middle Africa",
    "timezones": ["UTC+01:00"]
  },
  {
    "flag": "https://restcountries.eu/data/gmb.svg",
    "name": "Gambia",
    "alpha2Code": "GM",
    "region": "Africa",
    "subregion": "Western Africa",
    "timezones": ["UTC+00:00"]
  },
  {
    "flag": "https://restcountries.eu/data/geo.svg",
    "name": "Georgia",
    "alpha2Code": "GE",
    "region": "Asia",
    "subregion": "Western Asia",
    "timezones": ["UTC-05:00"]
  },
  {
    "flag": "https://restcountries.eu/data/deu.svg",
    "name": "Germany",
    "alpha2Code": "DE",
    "region": "Europe",
    "subregion": "Western Europe",
    "timezones": ["UTC+01:00"]
  },
  {
    "flag": "https://restcountries.eu/data/gha.svg",
    "name": "Ghana",
    "alpha2Code": "GH",
    "region": "Africa",
    "subregion": "Western Africa",
    "timezones": ["UTC"]
  },
  {
    "flag": "https://restcountries.eu/data/gib.svg",
    "name": "Gibraltar",
    "alpha2Code": "GI",
    "region": "Europe",
    "subregion": "Southern Europe",
    "timezones": ["UTC+01:00"]
  },
  {
    "flag": "https://restcountries.eu/data/grc.svg",
    "name": "Greece",
    "alpha2Code": "GR",
    "region": "Europe",
    "subregion": "Southern Europe",
    "timezones": ["UTC+02:00"]
  },
  {
    "flag": "https://restcountries.eu/data/grl.svg",
    "name": "Greenland",
    "alpha2Code": "GL",
    "region": "Americas",
    "subregion": "Northern America",
    "timezones": ["UTC-04:00", "UTC-03:00", "UTC-01:00", "UTC+00:00"]
  },
  {
    "flag": "https://restcountries.eu/data/grd.svg",
    "name": "Grenada",
    "alpha2Code": "GD",
    "region": "Americas",
    "subregion": "Caribbean",
    "timezones": ["UTC-04:00"]
  },
  {
    "flag": "https://restcountries.eu/data/glp.svg",
    "name": "Guadeloupe",
    "alpha2Code": "GP",
    "region": "Americas",
    "subregion": "Caribbean",
    "timezones": ["UTC-04:00"]
  },
  {
    "flag": "https://restcountries.eu/data/gum.svg",
    "name": "Guam",
    "alpha2Code": "GU",
    "region": "Oceania",
    "subregion": "Micronesia",
    "timezones": ["UTC+10:00"]
  },
  {
    "flag": "https://restcountries.eu/data/gtm.svg",
    "name": "Guatemala",
    "alpha2Code": "GT",
    "region": "Americas",
    "subregion": "Central America",
    "timezones": ["UTC-06:00"]
  },
  {
    "flag": "https://restcountries.eu/data/ggy.svg",
    "name": "Guernsey",
    "alpha2Code": "GG",
    "region": "Europe",
    "subregion": "Northern Europe",
    "timezones": ["UTC+00:00"]
  },
  {
    "flag": "https://restcountries.eu/data/gin.svg",
    "name": "Guinea",
    "alpha2Code": "GN",
    "region": "Africa",
    "subregion": "Western Africa",
    "timezones": ["UTC"]
  },
  {
    "flag": "https://restcountries.eu/data/gnb.svg",
    "name": "Guinea-Bissau",
    "alpha2Code": "GW",
    "region": "Africa",
    "subregion": "Western Africa",
    "timezones": ["UTC"]
  },
  {
    "flag": "https://restcountries.eu/data/guy.svg",
    "name": "Guyana",
    "alpha2Code": "GY",
    "region": "Americas",
    "subregion": "South America",
    "timezones": ["UTC-04:00"]
  },
  {
    "flag": "https://restcountries.eu/data/hti.svg",
    "name": "Haiti",
    "alpha2Code": "HT",
    "region": "Americas",
    "subregion": "Caribbean",
    "timezones": ["UTC-05:00"]
  },
  {
    "flag": "https://restcountries.eu/data/hmd.svg",
    "name": "Heard Island and McDonald Islands",
    "alpha2Code": "HM",
    "region": "",
    "subregion": "",
    "timezones": ["UTC+05:00"]
  },
  {
    "flag": "https://restcountries.eu/data/vat.svg",
    "name": "Holy See",
    "alpha2Code": "VA",
    "region": "Europe",
    "subregion": "Southern Europe",
    "timezones": ["UTC+01:00"]
  },
  {
    "flag": "https://restcountries.eu/data/hnd.svg",
    "name": "Honduras",
    "alpha2Code": "HN",
    "region": "Americas",
    "subregion": "Central America",
    "timezones": ["UTC-06:00"]
  },
  {
    "flag": "https://restcountries.eu/data/hkg.svg",
    "name": "Hong Kong",
    "alpha2Code": "HK",
    "region": "Asia",
    "subregion": "Eastern Asia",
    "timezones": ["UTC+08:00"]
  },
  {
    "flag": "https://restcountries.eu/data/hun.svg",
    "name": "Hungary",
    "alpha2Code": "HU",
    "region": "Europe",
    "subregion": "Eastern Europe",
    "timezones": ["UTC+01:00"]
  },
  {
    "flag": "https://restcountries.eu/data/isl.svg",
    "name": "Iceland",
    "alpha2Code": "IS",
    "region": "Europe",
    "subregion": "Northern Europe",
    "timezones": ["UTC"]
  },
  {
    "flag": "https://restcountries.eu/data/ind.svg",
    "name": "India",
    "alpha2Code": "IN",
    "region": "Asia",
    "subregion": "Southern Asia",
    "timezones": ["UTC+05:30"]
  },
  {
    "flag": "https://restcountries.eu/data/idn.svg",
    "name": "Indonesia",
    "alpha2Code": "ID",
    "region": "Asia",
    "subregion": "South-Eastern Asia",
    "timezones": ["UTC+07:00", "UTC+08:00", "UTC+09:00"]
  },
  {
    "flag": "https://restcountries.eu/data/civ.svg",
    "name": "Côte d'Ivoire",
    "alpha2Code": "CI",
    "region": "Africa",
    "subregion": "Western Africa",
    "timezones": ["UTC"]
  },
  {
    "flag": "https://restcountries.eu/data/irn.svg",
    "name": "Iran (Islamic Republic of)",
    "alpha2Code": "IR",
    "region": "Asia",
    "subregion": "Southern Asia",
    "timezones": ["UTC+03:30"]
  },
  {
    "flag": "https://restcountries.eu/data/irq.svg",
    "name": "Iraq",
    "alpha2Code": "IQ",
    "region": "Asia",
    "subregion": "Western Asia",
    "timezones": ["UTC+03:00"]
  },
  {
    "flag": "https://restcountries.eu/data/irl.svg",
    "name": "Ireland",
    "alpha2Code": "IE",
    "region": "Europe",
    "subregion": "Northern Europe",
    "timezones": ["UTC"]
  },
  {
    "flag": "https://restcountries.eu/data/imn.svg",
    "name": "Isle of Man",
    "alpha2Code": "IM",
    "region": "Europe",
    "subregion": "Northern Europe",
    "timezones": ["UTC+00:00"]
  },
  {
    "flag": "https://restcountries.eu/data/isr.svg",
    "name": "Israel",
    "alpha2Code": "IL",
    "region": "Asia",
    "subregion": "Western Asia",
    "timezones": ["UTC+02:00"]
  },
  {
    "flag": "https://restcountries.eu/data/ita.svg",
    "name": "Italy",
    "alpha2Code": "IT",
    "region": "Europe",
    "subregion": "Southern Europe",
    "timezones": ["UTC+01:00"]
  },
  {
    "flag": "https://restcountries.eu/data/jam.svg",
    "name": "Jamaica",
    "alpha2Code": "JM",
    "region": "Americas",
    "subregion": "Caribbean",
    "timezones": ["UTC-05:00"]
  },
  {
    "flag": "https://restcountries.eu/data/jpn.svg",
    "name": "Japan",
    "alpha2Code": "JP",
    "region": "Asia",
    "subregion": "Eastern Asia",
    "timezones": ["UTC+09:00"]
  },
  {
    "flag": "https://restcountries.eu/data/jey.svg",
    "name": "Jersey",
    "alpha2Code": "JE",
    "region": "Europe",
    "subregion": "Northern Europe",
    "timezones": ["UTC+01:00"]
  },
  {
    "flag": "https://restcountries.eu/data/jor.svg",
    "name": "Jordan",
    "alpha2Code": "JO",
    "region": "Asia",
    "subregion": "Western Asia",
    "timezones": ["UTC+03:00"]
  },
  {
    "flag": "https://restcountries.eu/data/kaz.svg",
    "name": "Kazakhstan",
    "alpha2Code": "KZ",
    "region": "Asia",
    "subregion": "Central Asia",
    "timezones": ["UTC+05:00", "UTC+06:00"]
  },
  {
    "flag": "https://restcountries.eu/data/ken.svg",
    "name": "Kenya",
    "alpha2Code": "KE",
    "region": "Africa",
    "subregion": "Eastern Africa",
    "timezones": ["UTC+03:00"]
  },
  {
    "flag": "https://restcountries.eu/data/kir.svg",
    "name": "Kiribati",
    "alpha2Code": "KI",
    "region": "Oceania",
    "subregion": "Micronesia",
    "timezones": ["UTC+12:00", "UTC+13:00", "UTC+14:00"]
  },
  {
    "flag": "https://restcountries.eu/data/kwt.svg",
    "name": "Kuwait",
    "alpha2Code": "KW",
    "region": "Asia",
    "subregion": "Western Asia",
    "timezones": ["UTC+03:00"]
  },
  {
    "flag": "https://restcountries.eu/data/kgz.svg",
    "name": "Kyrgyzstan",
    "alpha2Code": "KG",
    "region": "Asia",
    "subregion": "Central Asia",
    "timezones": ["UTC+06:00"]
  },
  {
    "flag": "https://restcountries.eu/data/lao.svg",
    "name": "Lao People's Democratic Republic",
    "alpha2Code": "LA",
    "region": "Asia",
    "subregion": "South-Eastern Asia",
    "timezones": ["UTC+07:00"]
  },
  {
    "flag": "https://restcountries.eu/data/lva.svg",
    "name": "Latvia",
    "alpha2Code": "LV",
    "region": "Europe",
    "subregion": "Northern Europe",
    "timezones": ["UTC+02:00"]
  },
  {
    "flag": "https://restcountries.eu/data/lbn.svg",
    "name": "Lebanon",
    "alpha2Code": "LB",
    "region": "Asia",
    "subregion": "Western Asia",
    "timezones": ["UTC+02:00"]
  },
  {
    "flag": "https://restcountries.eu/data/lso.svg",
    "name": "Lesotho",
    "alpha2Code": "LS",
    "region": "Africa",
    "subregion": "Southern Africa",
    "timezones": ["UTC+02:00"]
  },
  {
    "flag": "https://restcountries.eu/data/lbr.svg",
    "name": "Liberia",
    "alpha2Code": "LR",
    "region": "Africa",
    "subregion": "Western Africa",
    "timezones": ["UTC"]
  },
  {
    "flag": "https://restcountries.eu/data/lby.svg",
    "name": "Libya",
    "alpha2Code": "LY",
    "region": "Africa",
    "subregion": "Northern Africa",
    "timezones": ["UTC+01:00"]
  },
  {
    "flag": "https://restcountries.eu/data/lie.svg",
    "name": "Liechtenstein",
    "alpha2Code": "LI",
    "region": "Europe",
    "subregion": "Western Europe",
    "timezones": ["UTC+01:00"]
  },
  {
    "flag": "https://restcountries.eu/data/ltu.svg",
    "name": "Lithuania",
    "alpha2Code": "LT",
    "region": "Europe",
    "subregion": "Northern Europe",
    "timezones": ["UTC+02:00"]
  },
  {
    "flag": "https://restcountries.eu/data/lux.svg",
    "name": "Luxembourg",
    "alpha2Code": "LU",
    "region": "Europe",
    "subregion": "Western Europe",
    "timezones": ["UTC+01:00"]
  },
  {
    "flag": "https://restcountries.eu/data/mac.svg",
    "name": "Macao",
    "alpha2Code": "MO",
    "region": "Asia",
    "subregion": "Eastern Asia",
    "timezones": ["UTC+08:00"]
  },
  {
    "flag": "https://restcountries.eu/data/mkd.svg",
    "name": "Macedonia (the former Yugoslav Republic of)",
    "alpha2Code": "MK",
    "region": "Europe",
    "subregion": "Southern Europe",
    "timezones": ["UTC+01:00"]
  },
  {
    "flag": "https://restcountries.eu/data/mdg.svg",
    "name": "Madagascar",
    "alpha2Code": "MG",
    "region": "Africa",
    "subregion": "Eastern Africa",
    "timezones": ["UTC+03:00"]
  },
  {
    "flag": "https://restcountries.eu/data/mwi.svg",
    "name": "Malawi",
    "alpha2Code": "MW",
    "region": "Africa",
    "subregion": "Eastern Africa",
    "timezones": ["UTC+02:00"]
  },
  {
    "flag": "https://restcountries.eu/data/mys.svg",
    "name": "Malaysia",
    "alpha2Code": "MY",
    "region": "Asia",
    "subregion": "South-Eastern Asia",
    "timezones": ["UTC+08:00"]
  },
  {
    "flag": "https://restcountries.eu/data/mdv.svg",
    "name": "Maldives",
    "alpha2Code": "MV",
    "region": "Asia",
    "subregion": "Southern Asia",
    "timezones": ["UTC+05:00"]
  },
  {
    "flag": "https://restcountries.eu/data/mli.svg",
    "name": "Mali",
    "alpha2Code": "ML",
    "region": "Africa",
    "subregion": "Western Africa",
    "timezones": ["UTC"]
  },
  {
    "flag": "https://restcountries.eu/data/mlt.svg",
    "name": "Malta",
    "alpha2Code": "MT",
    "region": "Europe",
    "subregion": "Southern Europe",
    "timezones": ["UTC+01:00"]
  },
  {
    "flag": "https://restcountries.eu/data/mhl.svg",
    "name": "Marshall Islands",
    "alpha2Code": "MH",
    "region": "Oceania",
    "subregion": "Micronesia",
    "timezones": ["UTC+12:00"]
  },
  {
    "flag": "https://restcountries.eu/data/mtq.svg",
    "name": "Martinique",
    "alpha2Code": "MQ",
    "region": "Americas",
    "subregion": "Caribbean",
    "timezones": ["UTC-04:00"]
  },
  {
    "flag": "https://restcountries.eu/data/mrt.svg",
    "name": "Mauritania",
    "alpha2Code": "MR",
    "region": "Africa",
    "subregion": "Western Africa",
    "timezones": ["UTC"]
  },
  {
    "flag": "https://restcountries.eu/data/mus.svg",
    "name": "Mauritius",
    "alpha2Code": "MU",
    "region": "Africa",
    "subregion": "Eastern Africa",
    "timezones": ["UTC+04:00"]
  },
  {
    "flag": "https://restcountries.eu/data/myt.svg",
    "name": "Mayotte",
    "alpha2Code": "YT",
    "region": "Africa",
    "subregion": "Eastern Africa",
    "timezones": ["UTC+03:00"]
  },
  {
    "flag": "https://restcountries.eu/data/mex.svg",
    "name": "Mexico",
    "alpha2Code": "MX",
    "region": "Americas",
    "subregion": "Central America",
    "timezones": ["UTC-08:00", "UTC-07:00", "UTC-06:00"]
  },
  {
    "flag": "https://restcountries.eu/data/fsm.svg",
    "name": "Micronesia (Federated States of)",
    "alpha2Code": "FM",
    "region": "Oceania",
    "subregion": "Micronesia",
    "timezones": ["UTC+10:00", "UTC+11"]
  },
  {
    "flag": "https://restcountries.eu/data/mda.svg",
    "name": "Moldova (Republic of)",
    "alpha2Code": "MD",
    "region": "Europe",
    "subregion": "Eastern Europe",
    "timezones": ["UTC+02:00"]
  },
  {
    "flag": "https://restcountries.eu/data/mco.svg",
    "name": "Monaco",
    "alpha2Code": "MC",
    "region": "Europe",
    "subregion": "Western Europe",
    "timezones": ["UTC+01:00"]
  },
  {
    "flag": "https://restcountries.eu/data/mng.svg",
    "name": "Mongolia",
    "alpha2Code": "MN",
    "region": "Asia",
    "subregion": "Eastern Asia",
    "timezones": ["UTC+07:00", "UTC+08:00"]
  },
  {
    "flag": "https://restcountries.eu/data/mne.svg",
    "name": "Montenegro",
    "alpha2Code": "ME",
    "region": "Europe",
    "subregion": "Southern Europe",
    "timezones": ["UTC+01:00"]
  },
  {
    "flag": "https://restcountries.eu/data/msr.svg",
    "name": "Montserrat",
    "alpha2Code": "MS",
    "region": "Americas",
    "subregion": "Caribbean",
    "timezones": ["UTC-04:00"]
  },
  {
    "flag": "https://restcountries.eu/data/mar.svg",
    "name": "Morocco",
    "alpha2Code": "MA",
    "region": "Africa",
    "subregion": "Northern Africa",
    "timezones": ["UTC"]
  },
  {
    "flag": "https://restcountries.eu/data/moz.svg",
    "name": "Mozambique",
    "alpha2Code": "MZ",
    "region": "Africa",
    "subregion": "Eastern Africa",
    "timezones": ["UTC+02:00"]
  },
  {
    "flag": "https://restcountries.eu/data/mmr.svg",
    "name": "Myanmar",
    "alpha2Code": "MM",
    "region": "Asia",
    "subregion": "South-Eastern Asia",
    "timezones": ["UTC+06:30"]
  },
  {
    "flag": "https://restcountries.eu/data/nam.svg",
    "name": "Namibia",
    "alpha2Code": "NA",
    "region": "Africa",
    "subregion": "Southern Africa",
    "timezones": ["UTC+01:00"]
  },
  {
    "flag": "https://restcountries.eu/data/nru.svg",
    "name": "Nauru",
    "alpha2Code": "NR",
    "region": "Oceania",
    "subregion": "Micronesia",
    "timezones": ["UTC+12:00"]
  },
  {
    "flag": "https://restcountries.eu/data/npl.svg",
    "name": "Nepal",
    "alpha2Code": "NP",
    "region": "Asia",
    "subregion": "Southern Asia",
    "timezones": ["UTC+05:45"]
  },
  {
    "flag": "https://restcountries.eu/data/nld.svg",
    "name": "Netherlands",
    "alpha2Code": "NL",
    "region": "Europe",
    "subregion": "Western Europe",
    "timezones": ["UTC-04:00", "UTC+01:00"]
  },
  {
    "flag": "https://restcountries.eu/data/ncl.svg",
    "name": "New Caledonia",
    "alpha2Code": "NC",
    "region": "Oceania",
    "subregion": "Melanesia",
    "timezones": ["UTC+11:00"]
  },
  {
    "flag": "https://restcountries.eu/data/nzl.svg",
    "name": "New Zealand",
    "alpha2Code": "NZ",
    "region": "Oceania",
    "subregion": "Australia and New Zealand",
    "timezones": ["UTC-11:00", "UTC-10:00", "UTC+12:00", "UTC+12:45", "UTC+13:00"]
  },
  {
    "flag": "https://restcountries.eu/data/nic.svg",
    "name": "Nicaragua",
    "alpha2Code": "NI",
    "region": "Americas",
    "subregion": "Central America",
    "timezones": ["UTC-06:00"]
  },
  {
    "flag": "https://restcountries.eu/data/ner.svg",
    "name": "Niger",
    "alpha2Code": "NE",
    "region": "Africa",
    "subregion": "Western Africa",
    "timezones": ["UTC+01:00"]
  },
  {
    "flag": "https://restcountries.eu/data/nga.svg",
    "name": "Nigeria",
    "alpha2Code": "NG",
    "region": "Africa",
    "subregion": "Western Africa",
    "timezones": ["UTC+01:00"]
  },
  {
    "flag": "https://restcountries.eu/data/niu.svg",
    "name": "Niue",
    "alpha2Code": "NU",
    "region": "Oceania",
    "subregion": "Polynesia",
    "timezones": ["UTC-11:00"]
  },
  {
    "flag": "https://restcountries.eu/data/nfk.svg",
    "name": "Norfolk Island",
    "alpha2Code": "NF",
    "region": "Oceania",
    "subregion": "Australia and New Zealand",
    "timezones": ["UTC+11:30"]
  },
  {
    "flag": "https://restcountries.eu/data/prk.svg",
    "name": "Korea (Democratic People's Republic of)",
    "alpha2Code": "KP",
    "region": "Asia",
    "subregion": "Eastern Asia",
    "timezones": ["UTC+09:00"]
  },
  {
    "flag": "https://restcountries.eu/data/mnp.svg",
    "name": "Northern Mariana Islands",
    "alpha2Code": "MP",
    "region": "Oceania",
    "subregion": "Micronesia",
    "timezones": ["UTC+10:00"]
  },
  {
    "flag": "https://restcountries.eu/data/nor.svg",
    "name": "Norway",
    "alpha2Code": "NO",
    "region": "Europe",
    "subregion": "Northern Europe",
    "timezones": ["UTC+01:00"]
  },
  {
    "flag": "https://restcountries.eu/data/omn.svg",
    "name": "Oman",
    "alpha2Code": "OM",
    "region": "Asia",
    "subregion": "Western Asia",
    "timezones": ["UTC+04:00"]
  },
  {
    "flag": "https://restcountries.eu/data/pak.svg",
    "name": "Pakistan",
    "alpha2Code": "PK",
    "region": "Asia",
    "subregion": "Southern Asia",
    "timezones": ["UTC+05:00"]
  },
  {
    "flag": "https://restcountries.eu/data/plw.svg",
    "name": "Palau",
    "alpha2Code": "PW",
    "region": "Oceania",
    "subregion": "Micronesia",
    "timezones": ["UTC+09:00"]
  },
  {
    "flag": "https://restcountries.eu/data/pse.svg",
    "name": "Palestine, State of",
    "alpha2Code": "PS",
    "region": "Asia",
    "subregion": "Western Asia",
    "timezones": ["UTC+02:00"]
  },
  {
    "flag": "https://restcountries.eu/data/pan.svg",
    "name": "Panama",
    "alpha2Code": "PA",
    "region": "Americas",
    "subregion": "Central America",
    "timezones": ["UTC-05:00"]
  },
  {
    "flag": "https://restcountries.eu/data/png.svg",
    "name": "Papua New Guinea",
    "alpha2Code": "PG",
    "region": "Oceania",
    "subregion": "Melanesia",
    "timezones": ["UTC+10:00"]
  },
  {
    "flag": "https://restcountries.eu/data/pry.svg",
    "name": "Paraguay",
    "alpha2Code": "PY",
    "region": "Americas",
    "subregion": "South America",
    "timezones": ["UTC-04:00"]
  },
  {
    "flag": "https://restcountries.eu/data/per.svg",
    "name": "Peru",
    "alpha2Code": "PE",
    "region": "Americas",
    "subregion": "South America",
    "timezones": ["UTC-05:00"]
  },
  {
    "flag": "https://restcountries.eu/data/phl.svg",
    "name": "Philippines",
    "alpha2Code": "PH",
    "region": "Asia",
    "subregion": "South-Eastern Asia",
    "timezones": ["UTC+08:00"]
  },
  {
    "flag": "https://restcountries.eu/data/pcn.svg",
    "name": "Pitcairn",
    "alpha2Code": "PN",
    "region": "Oceania",
    "subregion": "Polynesia",
    "timezones": ["UTC-08:00"]
  },
  {
    "flag": "https://restcountries.eu/data/pol.svg",
    "name": "Poland",
    "alpha2Code": "PL",
    "region": "Europe",
    "subregion": "Eastern Europe",
    "timezones": ["UTC+01:00"]
  },
  {
    "flag": "https://restcountries.eu/data/prt.svg",
    "name": "Portugal",
    "alpha2Code": "PT",
    "region": "Europe",
    "subregion": "Southern Europe",
    "timezones": ["UTC-01:00", "UTC"]
  },
  {
    "flag": "https://restcountries.eu/data/pri.svg",
    "name": "Puerto Rico",
    "alpha2Code": "PR",
    "region": "Americas",
    "subregion": "Caribbean",
    "timezones": ["UTC-04:00"]
  },
  {
    "flag": "https://restcountries.eu/data/qat.svg",
    "name": "Qatar",
    "alpha2Code": "QA",
    "region": "Asia",
    "subregion": "Western Asia",
    "timezones": ["UTC+03:00"]
  },
  {
    "flag": "https://restcountries.eu/data/kos.svg",
    "name": "Republic of Kosovo",
    "alpha2Code": "XK",
    "region": "Europe",
    "subregion": "Eastern Europe",
    "timezones": ["UTC+01:00"]
  },
  {
    "flag": "https://restcountries.eu/data/reu.svg",
    "name": "Réunion",
    "alpha2Code": "RE",
    "region": "Africa",
    "subregion": "Eastern Africa",
    "timezones": ["UTC+04:00"]
  },
  {
    "flag": "https://restcountries.eu/data/rou.svg",
    "name": "Romania",
    "alpha2Code": "RO",
    "region": "Europe",
    "subregion": "Eastern Europe",
    "timezones": ["UTC+02:00"]
  },
  {
    "flag": "https://restcountries.eu/data/rus.svg",
    "name": "Russian Federation",
    "alpha2Code": "RU",
    "region": "Europe",
    "subregion": "Eastern Europe",
    "timezones": [
      "UTC+03:00",
      "UTC+04:00",
      "UTC+06:00",
      "UTC+07:00",
      "UTC+08:00",
      "UTC+09:00",
      "UTC+10:00",
      "UTC+11:00",
      "UTC+12:00"
    ]
  },
  {
    "flag": "https://restcountries.eu/data/rwa.svg",
    "name": "Rwanda",
    "alpha2Code": "RW",
    "region": "Africa",
    "subregion": "Eastern Africa",
    "timezones": ["UTC+02:00"]
  },
  {
    "flag": "https://restcountries.eu/data/blm.svg",
    "name": "Saint Barthélemy",
    "alpha2Code": "BL",
    "region": "Americas",
    "subregion": "Caribbean",
    "timezones": ["UTC-04:00"]
  },
  {
    "flag": "https://restcountries.eu/data/shn.svg",
    "name": "Saint Helena, Ascension and Tristan da Cunha",
    "alpha2Code": "SH",
    "region": "Africa",
    "subregion": "Western Africa",
    "timezones": ["UTC+00:00"]
  },
  {
    "flag": "https://restcountries.eu/data/kna.svg",
    "name": "Saint Kitts and Nevis",
    "alpha2Code": "KN",
    "region": "Americas",
    "subregion": "Caribbean",
    "timezones": ["UTC-04:00"]
  },
  {
    "flag": "https://restcountries.eu/data/lca.svg",
    "name": "Saint Lucia",
    "alpha2Code": "LC",
    "region": "Americas",
    "subregion": "Caribbean",
    "timezones": ["UTC-04:00"]
  },
  {
    "flag": "https://restcountries.eu/data/maf.svg",
    "name": "Saint Martin (French part)",
    "alpha2Code": "MF",
    "region": "Americas",
    "subregion": "Caribbean",
    "timezones": ["UTC-04:00"]
  },
  {
    "flag": "https://restcountries.eu/data/spm.svg",
    "name": "Saint Pierre and Miquelon",
    "alpha2Code": "PM",
    "region": "Americas",
    "subregion": "Northern America",
    "timezones": ["UTC-03:00"]
  },
  {
    "flag": "https://restcountries.eu/data/vct.svg",
    "name": "Saint Vincent and the Grenadines",
    "alpha2Code": "VC",
    "region": "Americas",
    "subregion": "Caribbean",
    "timezones": ["UTC-04:00"]
  },
  {
    "flag": "https://restcountries.eu/data/wsm.svg",
    "name": "Samoa",
    "alpha2Code": "WS",
    "region": "Oceania",
    "subregion": "Polynesia",
    "timezones": ["UTC+13:00"]
  },
  {
    "flag": "https://restcountries.eu/data/smr.svg",
    "name": "San Marino",
    "alpha2Code": "SM",
    "region": "Europe",
    "subregion": "Southern Europe",
    "timezones": ["UTC+01:00"]
  },
  {
    "flag": "https://restcountries.eu/data/stp.svg",
    "name": "Sao Tome and Principe",
    "alpha2Code": "ST",
    "region": "Africa",
    "subregion": "Middle Africa",
    "timezones": ["UTC"]
  },
  {
    "flag": "https://restcountries.eu/data/sau.svg",
    "name": "Saudi Arabia",
    "alpha2Code": "SA",
    "region": "Asia",
    "subregion": "Western Asia",
    "timezones": ["UTC+03:00"]
  },
  {
    "flag": "https://restcountries.eu/data/sen.svg",
    "name": "Senegal",
    "alpha2Code": "SN",
    "region": "Africa",
    "subregion": "Western Africa",
    "timezones": ["UTC"]
  },
  {
    "flag": "https://restcountries.eu/data/srb.svg",
    "name": "Serbia",
    "alpha2Code": "RS",
    "region": "Europe",
    "subregion": "Southern Europe",
    "timezones": ["UTC+01:00"]
  },
  {
    "flag": "https://restcountries.eu/data/syc.svg",
    "name": "Seychelles",
    "alpha2Code": "SC",
    "region": "Africa",
    "subregion": "Eastern Africa",
    "timezones": ["UTC+04:00"]
  },
  {
    "flag": "https://restcountries.eu/data/sle.svg",
    "name": "Sierra Leone",
    "alpha2Code": "SL",
    "region": "Africa",
    "subregion": "Western Africa",
    "timezones": ["UTC"]
  },
  {
    "flag": "https://restcountries.eu/data/sgp.svg",
    "name": "Singapore",
    "alpha2Code": "SG",
    "region": "Asia",
    "subregion": "South-Eastern Asia",
    "timezones": ["UTC+08:00"]
  },
  {
    "flag": "https://restcountries.eu/data/sxm.svg",
    "name": "Sint Maarten (Dutch part)",
    "alpha2Code": "SX",
    "region": "Americas",
    "subregion": "Caribbean",
    "timezones": ["UTC-04:00"]
  },
  {
    "flag": "https://restcountries.eu/data/svk.svg",
    "name": "Slovakia",
    "alpha2Code": "SK",
    "region": "Europe",
    "subregion": "Eastern Europe",
    "timezones": ["UTC+01:00"]
  },
  {
    "flag": "https://restcountries.eu/data/svn.svg",
    "name": "Slovenia",
    "alpha2Code": "SI",
    "region": "Europe",
    "subregion": "Southern Europe",
    "timezones": ["UTC+01:00"]
  },
  {
    "flag": "https://restcountries.eu/data/slb.svg",
    "name": "Solomon Islands",
    "alpha2Code": "SB",
    "region": "Oceania",
    "subregion": "Melanesia",
    "timezones": ["UTC+11:00"]
  },
  {
    "flag": "https://restcountries.eu/data/som.svg",
    "name": "Somalia",
    "alpha2Code": "SO",
    "region": "Africa",
    "subregion": "Eastern Africa",
    "timezones": ["UTC+03:00"]
  },
  {
    "flag": "https://restcountries.eu/data/zaf.svg",
    "name": "South Africa",
    "alpha2Code": "ZA",
    "region": "Africa",
    "subregion": "Southern Africa",
    "timezones": ["UTC+02:00"]
  },
  {
    "flag": "https://restcountries.eu/data/sgs.svg",
    "name": "South Georgia and the South Sandwich Islands",
    "alpha2Code": "GS",
    "region": "Americas",
    "subregion": "South America",
    "timezones": ["UTC-02:00"]
  },
  {
    "flag": "https://restcountries.eu/data/kor.svg",
    "name": "Korea (Republic of)",
    "alpha2Code": "KR",
    "region": "Asia",
    "subregion": "Eastern Asia",
    "timezones": ["UTC+09:00"]
  },
  {
    "flag": "https://restcountries.eu/data/ssd.svg",
    "name": "South Sudan",
    "alpha2Code": "SS",
    "region": "Africa",
    "subregion": "Middle Africa",
    "timezones": ["UTC+03:00"]
  },
  {
    "flag": "https://restcountries.eu/data/esp.svg",
    "name": "Spain",
    "alpha2Code": "ES",
    "region": "Europe",
    "subregion": "Southern Europe",
    "timezones": ["UTC", "UTC+01:00"]
  },
  {
    "flag": "https://restcountries.eu/data/lka.svg",
    "name": "Sri Lanka",
    "alpha2Code": "LK",
    "region": "Asia",
    "subregion": "Southern Asia",
    "timezones": ["UTC+05:30"]
  },
  {
    "flag": "https://restcountries.eu/data/sdn.svg",
    "name": "Sudan",
    "alpha2Code": "SD",
    "region": "Africa",
    "subregion": "Northern Africa",
    "timezones": ["UTC+03:00"]
  },
  {
    "flag": "https://restcountries.eu/data/sur.svg",
    "name": "Suriname",
    "alpha2Code": "SR",
    "region": "Americas",
    "subregion": "South America",
    "timezones": ["UTC-03:00"]
  },
  {
    "flag": "https://restcountries.eu/data/sjm.svg",
    "name": "Svalbard and Jan Mayen",
    "alpha2Code": "SJ",
    "region": "Europe",
    "subregion": "Northern Europe",
    "timezones": ["UTC+01:00"]
  },
  {
    "flag": "https://restcountries.eu/data/swz.svg",
    "name": "Swaziland",
    "alpha2Code": "SZ",
    "region": "Africa",
    "subregion": "Southern Africa",
    "timezones": ["UTC+02:00"]
  },
  {
    "flag": "https://restcountries.eu/data/swe.svg",
    "name": "Sweden",
    "alpha2Code": "SE",
    "region": "Europe",
    "subregion": "Northern Europe",
    "timezones": ["UTC+01:00"]
  },
  {
    "flag": "https://restcountries.eu/data/che.svg",
    "name": "Switzerland",
    "alpha2Code": "CH",
    "region": "Europe",
    "subregion": "Western Europe",
    "timezones": ["UTC+01:00"]
  },
  {
    "flag": "https://restcountries.eu/data/syr.svg",
    "name": "Syrian Arab Republic",
    "alpha2Code": "SY",
    "region": "Asia",
    "subregion": "Western Asia",
    "timezones": ["UTC+02:00"]
  },
  {
    "flag": "https://restcountries.eu/data/twn.svg",
    "name": "Taiwan",
    "alpha2Code": "TW",
    "region": "Asia",
    "subregion": "Eastern Asia",
    "timezones": ["UTC+08:00"]
  },
  {
    "flag": "https://restcountries.eu/data/tjk.svg",
    "name": "Tajikistan",
    "alpha2Code": "TJ",
    "region": "Asia",
    "subregion": "Central Asia",
    "timezones": ["UTC+05:00"]
  },
  {
    "flag": "https://restcountries.eu/data/tza.svg",
    "name": "Tanzania, United Republic of",
    "alpha2Code": "TZ",
    "region": "Africa",
    "subregion": "Eastern Africa",
    "timezones": ["UTC+03:00"]
  },
  {
    "flag": "https://restcountries.eu/data/tha.svg",
    "name": "Thailand",
    "alpha2Code": "TH",
    "region": "Asia",
    "subregion": "South-Eastern Asia",
    "timezones": ["UTC+07:00"]
  },
  {
    "flag": "https://restcountries.eu/data/tls.svg",
    "name": "Timor-Leste",
    "alpha2Code": "TL",
    "region": "Asia",
    "subregion": "South-Eastern Asia",
    "timezones": ["UTC+09:00"]
  },
  {
    "flag": "https://restcountries.eu/data/tgo.svg",
    "name": "Togo",
    "alpha2Code": "TG",
    "region": "Africa",
    "subregion": "Western Africa",
    "timezones": ["UTC"]
  },
  {
    "flag": "https://restcountries.eu/data/tkl.svg",
    "name": "Tokelau",
    "alpha2Code": "TK",
    "region": "Oceania",
    "subregion": "Polynesia",
    "timezones": ["UTC+13:00"]
  },
  {
    "flag": "https://restcountries.eu/data/ton.svg",
    "name": "Tonga",
    "alpha2Code": "TO",
    "region": "Oceania",
    "subregion": "Polynesia",
    "timezones": ["UTC+13:00"]
  },
  {
    "flag": "https://restcountries.eu/data/tto.svg",
    "name": "Trinidad and Tobago",
    "alpha2Code": "TT",
    "region": "Americas",
    "subregion": "Caribbean",
    "timezones": ["UTC-04:00"]
  },
  {
    "flag": "https://restcountries.eu/data/tun.svg",
    "name": "Tunisia",
    "alpha2Code": "TN",
    "region": "Africa",
    "subregion": "Northern Africa",
    "timezones": ["UTC+01:00"]
  },
  {
    "flag": "https://restcountries.eu/data/tur.svg",
    "name": "Turkey",
    "alpha2Code": "TR",
    "region": "Asia",
    "subregion": "Western Asia",
    "timezones": ["UTC+03:00"]
  },
  {
    "flag": "https://restcountries.eu/data/tkm.svg",
    "name": "Turkmenistan",
    "alpha2Code": "TM",
    "region": "Asia",
    "subregion": "Central Asia",
    "timezones": ["UTC+05:00"]
  },
  {
    "flag": "https://restcountries.eu/data/tca.svg",
    "name": "Turks and Caicos Islands",
    "alpha2Code": "TC",
    "region": "Americas",
    "subregion": "Caribbean",
    "timezones": ["UTC-04:00"]
  },
  {
    "flag": "https://restcountries.eu/data/tuv.svg",
    "name": "Tuvalu",
    "alpha2Code": "TV",
    "region": "Oceania",
    "subregion": "Polynesia",
    "timezones": ["UTC+12:00"]
  },
  {
    "flag": "https://restcountries.eu/data/uga.svg",
    "name": "Uganda",
    "alpha2Code": "UG",
    "region": "Africa",
    "subregion": "Eastern Africa",
    "timezones": ["UTC+03:00"]
  },
  {
    "flag": "https://restcountries.eu/data/ukr.svg",
    "name": "Ukraine",
    "alpha2Code": "UA",
    "region": "Europe",
    "subregion": "Eastern Europe",
    "timezones": ["UTC+02:00"]
  },
  {
    "flag": "https://restcountries.eu/data/are.svg",
    "name": "United Arab Emirates",
    "alpha2Code": "AE",
    "region": "Asia",
    "subregion": "Western Asia",
    "timezones": ["UTC+04"]
  },
  {
    "flag": "https://restcountries.eu/data/gbr.svg",
    "name": "United Kingdom of Great Britain and Northern Ireland",
    "alpha2Code": "GB",
    "region": "Europe",
    "subregion": "Northern Europe",
    "timezones": [
      "UTC-08:00",
      "UTC-05:00",
      "UTC-04:00",
      "UTC-03:00",
      "UTC-02:00",
      "UTC",
      "UTC+01:00",
      "UTC+02:00",
      "UTC+06:00"
    ]
  },
  {
    "flag": "https://restcountries.eu/data/usa.svg",
    "name": "United States of America",
    "alpha2Code": "US",
    "region": "Americas",
    "subregion": "Northern America",
    "timezones": [
      "UTC-12:00",
      "UTC-11:00",
      "UTC-10:00",
      "UTC-09:00",
      "UTC-08:00",
      "UTC-07:00",
      "UTC-06:00",
      "UTC-05:00",
      "UTC-04:00",
      "UTC+10:00",
      "UTC+12:00"
    ]
  },
  {
    "flag": "https://restcountries.eu/data/ury.svg",
    "name": "Uruguay",
    "alpha2Code": "UY",
    "region": "Americas",
    "subregion": "South America",
    "timezones": ["UTC-03:00"]
  },
  {
    "flag": "https://restcountries.eu/data/uzb.svg",
    "name": "Uzbekistan",
    "alpha2Code": "UZ",
    "region": "Asia",
    "subregion": "Central Asia",
    "timezones": ["UTC+05:00"]
  },
  {
    "flag": "https://restcountries.eu/data/vut.svg",
    "name": "Vanuatu",
    "alpha2Code": "VU",
    "region": "Oceania",
    "subregion": "Melanesia",
    "timezones": ["UTC+11:00"]
  },
  {
    "flag": "https://restcountries.eu/data/ven.svg",
    "name": "Venezuela (Bolivarian Republic of)",
    "alpha2Code": "VE",
    "region": "Americas",
    "subregion": "South America",
    "timezones": ["UTC-04:00"]
  },
  {
    "flag": "https://restcountries.eu/data/vnm.svg",
    "name": "Viet Nam",
    "alpha2Code": "VN",
    "region": "Asia",
    "subregion": "South-Eastern Asia",
    "timezones": ["UTC+07:00"]
  },
  {
    "flag": "https://restcountries.eu/data/wlf.svg",
    "name": "Wallis and Futuna",
    "alpha2Code": "WF",
    "region": "Oceania",
    "subregion": "Polynesia",
    "timezones": ["UTC+12:00"]
  },
  {
    "flag": "https://restcountries.eu/data/esh.svg",
    "name": "Western Sahara",
    "alpha2Code": "EH",
    "region": "Africa",
    "subregion": "Northern Africa",
    "timezones": ["UTC+00:00"]
  },
  {
    "flag": "https://restcountries.eu/data/yem.svg",
    "name": "Yemen",
    "alpha2Code": "YE",
    "region": "Asia",
    "subregion": "Western Asia",
    "timezones": ["UTC+03:00"]
  },
  {
    "flag": "https://restcountries.eu/data/zmb.svg",
    "name": "Zambia",
    "alpha2Code": "ZM",
    "region": "Africa",
    "subregion": "Eastern Africa",
    "timezones": ["UTC+02:00"]
  },
  {
    "flag": "https://restcountries.eu/data/zwe.svg",
    "name": "Zimbabwe",
    "alpha2Code": "ZW",
    "region": "Africa",
    "subregion": "Eastern Africa",
    "timezones": ["UTC+02:00"]
  }
]
